source,native,name,p_value,significant,description,term_size,query_size,intersection_size,effective_domain_size,precision,recall,query,parents
GO:MF,GO:0005515,protein binding,2.5865317636482583e-28,True,"""Binding to a protein."" [GOC:go_curators]",15123,1571,1354,20246,0.8618714194780395,0.08953250016531111,query_1,['GO:0005488']
GO:CC,GO:0005737,cytoplasm,2.744239364898377e-28,True,"""The contents of a cell excluding the plasma membrane and nucleus, but including other subcellular structures."" [ISBN:0198547684]",12527,1587,1113,22149,0.7013232514177694,0.08884808812963997,query_1,"['GO:0005622', 'GO:0110165']"
WP,WP:WP5345,1p36 copy number variation syndrome,7.022612107588256e-27,True,1p36 copy number variation syndrome,102,783,53,8752,0.06768837803320563,0.5196078431372549,query_1,['WP:000000']
GO:BP,GO:0048518,positive regulation of biological process,1.13660754145459e-08,True,"""Any process that activates or increases the frequency, rate or extent of a biological process. Biological processes are regulated by many means; examples include the control of gene expression, protein modification or interaction with a protein or substrate molecule."" [GOC:jid]",6264,1488,562,21026,0.37768817204301075,0.08971902937420179,query_1,"['GO:0008150', 'GO:0050789']"
GO:CC,GO:0005829,cytosol,1.4549962496102857e-08,True,"""The part of the cytoplasm that does not contain organelles but which does contain other particulate matter, such as protein complexes."" [GOC:hjd, GOC:jl]",5534,1587,508,22149,0.3201008191556396,0.09179616913624865,query_1,"['GO:0005737', 'GO:0110165']"
GO:CC,GO:0005654,nucleoplasm,2.454891386390382e-08,True,"""That part of the nuclear content other than the chromosomes or the nucleolus."" [GOC:ma, ISBN:0124325653]",4255,1587,406,22149,0.25582860743541275,0.09541715628672151,query_1,"['GO:0031981', 'GO:0110165']"
GO:BP,GO:0032502,developmental process,3.2890096051577354e-08,True,"""A biological process whose specific outcome is the progression of an integrated living unit: an anatomical structure (which may be a subcellular structure, cell, tissue, or organ), or organism over time from an initial condition to a later condition."" [GOC:isa_complete]",6553,1488,581,21026,0.3904569892473118,0.08866168167251641,query_1,['GO:0008150']
GO:BP,GO:0048856,anatomical structure development,3.405333429168711e-08,True,"""The biological process whose specific outcome is the progression of an anatomical structure from an initial condition to its mature state. This process begins with the formation of the structure and ends with the mature structure, whatever form that may be including its natural destruction. An anatomical structure is any biological entity that occupies space and is distinguished from its surroundings. Anatomical structures can be macroscopic such as a carpel, or microscopic such as an acrosome."" [GO_REF:0000021]",5997,1488,539,21026,0.36223118279569894,0.08987827246956812,query_1,['GO:0032502']
GO:CC,GO:0110165,cellular anatomical structure,5.520688007662638e-07,True,"""A part of a cellular organism consisting of a material entity with granularity above the level of a protein complex but below that of an anatomical system. Note that cellular organisms exclude viruses."" [GOC:kmv]",21620,1587,1579,22149,0.9949590422180214,0.07303422756706753,query_1,['GO:0005575']
HP,HP:0000892,Bifid ribs,1.061209781447148e-06,True,"A bifid rib refers to cleavage of the sternal end of a rib, usually unilateral. Bifid ribs are usually asymptomatic, and are often discovered incidentally by chest x-ray.",17,433,12,5080,0.02771362586605081,0.7058823529411765,query_1,['HP:0000772']
GO:BP,GO:0048522,positive regulation of cellular process,1.52390431211293e-06,True,"""Any process that activates or increases the frequency, rate or extent of a cellular process, any of those that are carried out at the cellular level, but are not necessarily restricted to a single cell. For example, cell communication occurs among more than one cell, but occurs at the cellular level."" [GOC:jid]",5920,1488,523,21026,0.35147849462365593,0.0883445945945946,query_1,"['GO:0009987', 'GO:0048518', 'GO:0050794']"
GO:BP,GO:0051239,regulation of multicellular organismal process,1.965273949342312e-06,True,"""Any process that modulates the frequency, rate or extent of a multicellular organismal process, the processes pertinent to the function of a multicellular organism above the cellular level; includes the integrated processes of tissues and organs."" [GOC:ai, GOC:dph, GOC:tb]",2956,1488,291,21026,0.19556451612903225,0.09844384303112313,query_1,"['GO:0032501', 'GO:0050789']"
GO:CC,GO:1903561,extracellular vesicle,3.742422686999043e-06,True,"""Any vesicle that is part of the extracellular region."" [GO_REF:0000064, GOC:pm, GOC:TermGenie, PMID:24769233]",2141,1587,221,22149,0.13925645872715817,0.10322279308734236,query_1,"['GO:0031982', 'GO:0065010']"
GO:CC,GO:0043230,extracellular organelle,3.891751082859254e-06,True,"""Organized structure of distinctive morphology and function, occurring outside the cell. Includes, for example, extracellular membrane vesicles (EMVs) and the cellulosomes of anaerobic bacteria and fungi."" [GOC:jl, PMID:9914479]",2142,1587,221,22149,0.13925645872715817,0.10317460317460317,query_1,"['GO:0005576', 'GO:0043226']"
GO:CC,GO:0065010,extracellular membrane-bounded organelle,3.891751082859254e-06,True,"""Organized structure of distinctive morphology and function, bounded by a lipid bilayer membrane and occurring outside the cell."" [GOC:isa_complete]",2142,1587,221,22149,0.13925645872715817,0.10317460317460317,query_1,"['GO:0043227', 'GO:0043230']"
GO:CC,GO:0070062,extracellular exosome,4.632663165239924e-06,True,"""A vesicle that is released into the extracellular region by fusion of the limiting endosomal membrane of a multivesicular body with the plasma membrane. Extracellular exosomes, also simply called exosomes, have a diameter of about 40-100 nm."" [GOC:BHF, GOC:mah, GOC:vesicles, PMID:15908444, PMID:17641064, PMID:19442504, PMID:19498381, PMID:22418571, PMID:24009894]",2111,1587,218,22149,0.13736609955891618,0.10326859308384652,query_1,"['GO:0005615', 'GO:1903561']"
GO:BP,GO:0051716,cellular response to stimulus,5.0326969020981255e-06,True,"""Any process that results in a change in state or activity of a cell (in terms of movement, secretion, enzyme production, gene expression, etc.) as a result of a stimulus. The process begins with detection of the stimulus by a cell and ends with a change in state or activity or the cell."" [GOC:bf, GOC:jl]",7376,1488,628,21026,0.4220430107526882,0.0851409978308026,query_1,"['GO:0009987', 'GO:0050896']"
GO:CC,GO:0031982,vesicle,6.212982428241513e-06,True,"""Any small, fluid-filled, spherical organelle enclosed by membrane."" [GOC:mah, GOC:pz, GOC:vesicles]",4033,1587,374,22149,0.23566477630749844,0.09273493677163402,query_1,['GO:0043227']
GO:BP,GO:0050896,response to stimulus,9.473062773966202e-06,True,"""Any process that results in a change in state or activity of a cell or an organism (in terms of movement, secretion, enzyme production, gene expression, etc.) as a result of a stimulus. The process begins with detection of the stimulus and ends with a change in state or activity or the cell or organism."" [GOC:ai, GOC:bf]",8999,1488,744,21026,0.5,0.0826758528725414,query_1,['GO:0008150']
GO:BP,GO:0044281,small molecule metabolic process,1.1689769515033774e-05,True,"""The chemical reactions and pathways involving small molecules, any low molecular weight, monomeric, non-encoded molecule."" [GOC:curators, GOC:pde, GOC:vw]",1776,1488,189,21026,0.12701612903225806,0.10641891891891891,query_1,['GO:0008152']
GO:BP,GO:0048468,cell development,2.1002856228664955e-05,True,"""The cellular developmental process in which a specific cell progresses from an immature to a mature state. Cell development start once cell commitment has taken place."" [GOC:go_curators]",2876,1488,279,21026,0.1875,0.09700973574408901,query_1,"['GO:0030154', 'GO:0048856', 'GO:0048869']"
GO:MF,GO:0005488,binding,6.384770615162899e-05,True,"""The selective, non-covalent, often stoichiometric, interaction of a molecule with one or more specific sites on another molecule."" [GOC:ceb, GOC:mah, ISBN:0198506732]",18498,1571,1488,20246,0.9471674092934437,0.08044112877067791,query_1,['GO:0003674']
GO:BP,GO:0032501,multicellular organismal process,6.630311681322159e-05,True,"""Any biological process, occurring at the level of a multicellular organism, pertinent to its function."" [GOC:curators, GOC:dph, GOC:isa_complete, GOC:tb]",7322,1488,616,21026,0.41397849462365593,0.0841300191204589,query_1,['GO:0008150']
GO:BP,GO:0065007,biological regulation,6.635380847606346e-05,True,"""Any process that modulates a measurable attribute of any biological process, quality or function."" [GOC:dph, GOC:isa_complete, GOC:mah, GOC:pr, GOC:vw]",12743,1488,1000,21026,0.6720430107526881,0.0784744565643883,query_1,['GO:0008150']
GO:BP,GO:0050789,regulation of biological process,6.898192269525088e-05,True,"""Any process that modulates the frequency, rate or extent of a biological process. Biological processes are regulated by many means; examples include the control of gene expression, protein modification or interaction with a protein or substrate molecule."" [GOC:ai, GOC:go_curators]",12336,1488,972,21026,0.6532258064516129,0.07879377431906615,query_1,"['GO:0008150', 'GO:0065007']"
GO:BP,GO:0009893,positive regulation of metabolic process,8.395333702962873e-05,True,"""Any process that activates or increases the frequency, rate or extent of the chemical reactions and pathways within a cell or an organism."" [GOC:go_curators]",3597,1488,333,21026,0.22379032258064516,0.09257714762301918,query_1,"['GO:0008152', 'GO:0019222', 'GO:0048522']"
GO:BP,GO:0007275,multicellular organism development,0.0001517270661042773,True,"""The biological process whose specific outcome is the progression of a multicellular organism over time from an initial condition (e.g. a zygote or a young adult) to a later condition (e.g. a multicellular animal or an aged adult)."" [GOC:dph, GOC:ems, GOC:isa_complete, GOC:tb]",4727,1488,419,21026,0.28158602150537637,0.08863972921514703,query_1,"['GO:0032501', 'GO:0048856']"
GO:CC,GO:0012505,endomembrane system,0.00020645262639628942,True,"""A collection of membranous structures involved in transport within the cell. The main components of the endomembrane system are endoplasmic reticulum, Golgi bodies, vesicles, cell membrane and nuclear envelope. Members of the endomembrane system pass materials through each other or though the use of vesicles."" [GOC:lh]",4872,1587,429,22149,0.27032136105860116,0.08805418719211823,query_1,['GO:0110165']
GO:BP,GO:0050794,regulation of cellular process,0.00024135845499106425,True,"""Any process that modulates the frequency, rate or extent of a cellular process, any of those that are carried out at the cellular level, but are not necessarily restricted to a single cell. For example, cell communication occurs among more than one cell, but occurs at the cellular level."" [GOC:go_curators]",11946,1488,941,21026,0.6323924731182796,0.0787711367821865,query_1,"['GO:0009987', 'GO:0050789']"
GO:BP,GO:0030154,cell differentiation,0.0002725874890259132,True,"""The cellular developmental process in which a relatively unspecialized cell, e.g. embryonic or regenerative cell, acquires specialized structural and/or functional features that characterize a specific cell. Differentiation includes the processes involved in commitment of a cell to a specific fate and its subsequent development to the mature state."" [ISBN:0198506732]",4437,1488,395,21026,0.2654569892473118,0.08902411539328375,query_1,['GO:0048869']
GO:BP,GO:0048869,cellular developmental process,0.000279715629924183,True,"""A biological process whose specific outcome is the progression of a cell over time from an initial condition to a later condition."" [GOC:isa_complete]",4438,1488,395,21026,0.2654569892473118,0.08900405588102749,query_1,"['GO:0009987', 'GO:0032502']"
MIRNA,MIRNA:hsa-mir-508-5p,hsa-mir-508-5p,0.0003909049647866111,True,hsa-mir-508-5p,1820,1465,220,16638,0.15017064846416384,0.12087912087912088,query_1,['MIRNA:000000']
GO:BP,GO:0023052,signaling,0.00046933250877635897,True,"""The entirety of a process in which information is transmitted within a biological system. This process begins with an active signal and ends when a cellular response has been triggered."" [GOC:mtg_signal, GOC:mtg_signaling_feb11, GOC:signaling]",6515,1488,550,21026,0.3696236559139785,0.0844205679201842,query_1,['GO:0050789']
GO:BP,GO:0006950,response to stress,0.0005796005332359765,True,"""Any process that results in a change in state or activity of a cell or an organism (in terms of movement, secretion, enzyme production, gene expression, etc.) as a result of a disturbance in organismal or cellular homeostasis, usually, but not necessarily, exogenous (e.g. temperature, humidity, ionizing radiation)."" [GOC:mah]",3948,1488,355,21026,0.2385752688172043,0.08991894630192503,query_1,['GO:0050896']
GO:CC,GO:0005794,Golgi apparatus,0.0005887426593446115,True,"""A membrane-bound cytoplasmic organelle of the endomembrane system that further processes the core oligosaccharides (e.g. N-glycans) added to proteins in the endoplasmic reticulum and packages them into membrane-bound vesicles. The Golgi apparatus operates at the intersection of the secretory, lysosomal, and endocytic pathways."" [ISBN:0198506732]",1659,1587,169,22149,0.10649023314429741,0.10186859553948162,query_1,"['GO:0005737', 'GO:0012505', 'GO:0043231']"
MIRNA,MIRNA:hsa-mir-3132,hsa-mir-3132,0.0006423836203133011,True,hsa-mir-3132,580,1465,87,16638,0.059385665529010236,0.15,query_1,['MIRNA:000000']
GO:BP,GO:0010604,positive regulation of macromolecule metabolic process,0.0006675815014227038,True,"""Any process that increases the frequency, rate or extent of the chemical reactions and pathways involving macromolecules, any molecule of high relative molecular mass, the structure of which essentially comprises the multiple repetition of units derived, actually or conceptually, from molecules of low relative molecular mass."" [GOC:dph, GOC:tb]",3288,1488,303,21026,0.20362903225806453,0.09215328467153285,query_1,"['GO:0009893', 'GO:0043170', 'GO:0060255']"
GO:MF,GO:0003824,catalytic activity,0.0007283900112271248,True,"""Catalysis of a biochemical reaction at physiological temperatures. In biologically catalyzed reactions, the reactants are known as substrates, and the catalysts are naturally occurring macromolecular substances known as enzymes. Enzymes possess specific binding sites for substrates, and are usually composed wholly or largely of protein, but RNA that has catalytic activity (ribozyme) is often also regarded as enzymatic."" [GOC:vw, ISBN:0198506732]",6817,1571,615,20246,0.3914704010184596,0.09021563737714537,query_1,['GO:0003674']
GO:BP,GO:0007154,cell communication,0.0008096431707980473,True,"""Any process that mediates interactions between a cell and its surroundings. Encompasses interactions such as signaling or attachment between one cell and another cell, between a cell and an extracellular matrix, or between a cell and any other aspect of its environment."" [GOC:mah]",6540,1488,550,21026,0.3696236559139785,0.08409785932721713,query_1,['GO:0009987']
MIRNA,MIRNA:hsa-mir-4716-3p,hsa-mir-4716-3p,0.0012067489588209223,True,hsa-mir-4716-3p,941,1465,126,16638,0.08600682593856655,0.1339001062699256,query_1,['MIRNA:000000']
HPA,HPA:0320000,Nasopharynx,0.001374295776551418,True,Nasopharynx,7187,1001,718,10995,0.7172827172827173,0.09990260192013357,query_1,['HPA:0000000']
GO:CC,GO:0005576,extracellular region,0.0014772021333826187,True,"""The space external to the outermost structure of a cell. For cells without external protective or external encapsulating structures this refers to space outside of the plasma membrane. This term covers the host cell environment outside an intracellular parasite."" [GOC:go_curators]",4258,1587,375,22149,0.23629489603024575,0.08806951620479098,query_1,['GO:0110165']
TF,TF:M04934_1,Factor: TR4; motif: ACCCCGS; match class: 1,0.001507379561046736,True,Factor: TR4; motif: ACCCCGS; match class: 1,15829,1713,1428,20092,0.8336252189141856,0.09021416387642933,query_1,['TF:M04934']
GO:CC,GO:0005615,extracellular space,0.0015927020805057992,True,"""That part of a multicellular organism outside the cells proper, usually taken to be outside the plasma membranes, and occupied by fluid."" [ISBN:0198547684]",3315,1587,301,22149,0.18966603654694392,0.09079939668174962,query_1,"['GO:0005576', 'GO:0110165']"
GO:MF,GO:0019770,IgG receptor activity,0.0016072482060306742,True,"""Combining with an immunoglobulin of an IgG isotype via the Fc region, and transmitting the signal from one side of the membrane to the other to initiate a change in cell activity."" [GOC:add, GOC:signaling, ISBN:0781735149]",5,1571,5,20246,0.003182686187141948,1.0,query_1,['GO:0019763']
GO:MF,GO:1901363,heterocyclic compound binding,0.001833251381473578,True,"""Binding to heterocyclic compound."" [GOC:TermGenie]",2558,1571,258,20246,0.16422660725652452,0.10086004691164972,query_1,['GO:0036094']
GO:MF,GO:0043168,anion binding,0.0018408748602981324,True,"""Binding to an anion, a charged atom or group of atoms with a net negative charge."" [GOC:jl]",2685,1571,269,20246,0.17122851686823679,0.10018621973929237,query_1,['GO:0043167']
GO:MF,GO:0016765,"transferase activity, transferring alkyl or aryl (other than methyl) groups",0.0022946008715275194,True,"""Catalysis of the transfer of an alkyl or aryl (but not methyl) group from one compound (donor) to another (acceptor)."" [EC:2.5.1.-]",63,1571,17,20246,0.010821133036282623,0.2698412698412698,query_1,['GO:0016740']
GO:CC,GO:0016020,membrane,0.0026734626347896646,True,"""A lipid bilayer along with all the proteins and protein complexes embedded in it and attached to it."" [GOC:dos, GOC:mah, ISBN:0815316194]",9953,1587,797,22149,0.5022054190296156,0.08007635888676781,query_1,['GO:0110165']
TF,TF:M07039_1,Factor: ETF; motif: CCCCGCCCCYN; match class: 1,0.0032767706286625686,True,Factor: ETF; motif: CCCCGCCCCYN; match class: 1,14026,1713,1282,20092,0.7483946293053123,0.09140168258947669,query_1,['TF:M07039']
TF,TF:M10026,Factor: PATZ; motif: GGGGNGGGGGMKGGRRNGGNRN,0.0033315705569410973,True,Factor: PATZ; motif: GGGGNGGGGGMKGGRRNGGNRN,8522,1713,821,20092,0.4792761237594863,0.09633888758507393,query_1,['TF:M00000']
GO:BP,GO:0006796,phosphate-containing compound metabolic process,0.00401346763782497,True,"""The chemical reactions and pathways involving the phosphate group, the anion or salt of any phosphoric acid."" [GOC:ai]",2407,1488,228,21026,0.1532258064516129,0.09472372247611134,query_1,['GO:0006793']
KEGG,KEGG:00900,Terpenoid backbone biosynthesis,0.0041082855726761024,True,Terpenoid backbone biosynthesis,22,705,9,8484,0.01276595744680851,0.4090909090909091,query_1,['KEGG:00000']
GO:BP,GO:0070458,cellular detoxification of nitrogen compound,0.0042001716464403855,True,"""Any cellular process that reduces or removes the toxicity of nitrogenous compounds which are dangerous or toxic. This includes the aerobic conversion of toxic compounds to harmless substances."" [GOC:mah]",5,1488,5,21026,0.003360215053763441,1.0,query_1,"['GO:0033554', 'GO:0051410', 'GO:1990748']"
GO:BP,GO:0051410,detoxification of nitrogen compound,0.0042001716464403855,True,"""Any process that reduces or removes the toxicity of nitrogenous compounds which are dangerous or toxic. This includes the aerobic conversion of toxic compounds to harmless substances."" [GOC:ai]",5,1488,5,21026,0.003360215053763441,1.0,query_1,"['GO:0098754', 'GO:1901698']"
GO:BP,GO:0048731,system development,0.004265225277861766,True,"""The process whose specific outcome is the progression of an organismal system over time, from its formation to the mature structure. A system is a regularly interacting or interdependent group of organs or tissues that work together to carry out a given biological process."" [GOC:dph, GOC:jid]",4053,1488,357,21026,0.2399193548387097,0.08808290155440414,query_1,"['GO:0007275', 'GO:0048856']"
GO:BP,GO:0006793,phosphorus metabolic process,0.004397097280337607,True,"""The chemical reactions and pathways involving the nonmetallic element phosphorus or compounds that contain phosphorus."" [GOC:ai]",2410,1488,228,21026,0.1532258064516129,0.0946058091286307,query_1,['GO:0008152']
GO:BP,GO:0007165,signal transduction,0.004572618541092057,True,"""The cellular process in which a signal is conveyed to trigger a change in the activity or state of a cell. Signal transduction begins with reception of a signal (e.g. a ligand binding to a receptor or receptor activation by a stimulus such as light), or for signal transduction in the absence of ligand, signal-withdrawal or the activity of a constitutively active receptor. Signal transduction ends with regulation of a downstream cellular process, e.g. regulation of transcription or regulation of a metabolic process. Signal transduction covers signaling from receptors located on the surface of the cell and signaling via molecules located within the cell. For signaling between cells, signal transduction is restricted to events at and within the receiving cell."" [GOC:go_curators, GOC:mtg_signaling_feb11]",6002,1488,504,21026,0.3387096774193548,0.08397200933022327,query_1,"['GO:0007154', 'GO:0009987', 'GO:0023052', 'GO:0050794', 'GO:0051716']"
GO:BP,GO:0019637,organophosphate metabolic process,0.00463151821078372,True,"""The chemical reactions and pathways involving organophosphates, any phosphate-containing organic compound."" [ISBN:0198506732]",1077,1488,117,21026,0.07862903225806452,0.10863509749303621,query_1,['GO:0006793']
HPA,HPA:0130052,Colon; glandular cells[≥Medium],0.005005212150415835,True,Colon; glandular cells[≥Medium],5975,1001,607,10995,0.6063936063936064,0.10158995815899581,query_1,['HPA:0130051']
MIRNA,MIRNA:hsa-mir-5095,hsa-mir-5095,0.005204936835684251,True,hsa-mir-5095,1865,1465,218,16638,0.14880546075085324,0.11689008042895442,query_1,['MIRNA:000000']
MIRNA,MIRNA:hsa-mir-4694-3p,hsa-mir-4694-3p,0.006172775510289296,True,hsa-mir-4694-3p,1287,1465,159,16638,0.10853242320819112,0.12354312354312354,query_1,['MIRNA:000000']
GO:BP,GO:0006082,organic acid metabolic process,0.006987392788398188,True,"""The chemical reactions and pathways involving organic acids, any acidic compound containing carbon in covalent linkage."" [ISBN:0198506732]",915,1488,102,21026,0.06854838709677419,0.11147540983606558,query_1,['GO:0044281']
MIRNA,MIRNA:hsa-mir-4725-3p,hsa-mir-4725-3p,0.007033592618805625,True,hsa-mir-4725-3p,1733,1465,204,16638,0.1392491467576792,0.11771494518176573,query_1,['MIRNA:000000']
MIRNA,MIRNA:hsa-mir-4271,hsa-mir-4271,0.007592339591922763,True,hsa-mir-4271,1735,1465,204,16638,0.1392491467576792,0.11757925072046109,query_1,['MIRNA:000000']
WP,WP:WP696,Benzo a pyrene metabolism,0.008143435957387552,True,Benzo a pyrene metabolism,9,783,6,8752,0.007662835249042145,0.6666666666666666,query_1,['WP:000000']
GO:MF,GO:0019864,IgG binding,0.0085057149842805,True,"""Binding to an immunoglobulin of an IgG isotype."" [GOC:add, ISBN:0781735149]",9,1571,6,20246,0.0038192234245703373,0.6666666666666666,query_1,['GO:0019865']
KEGG,KEGG:05322,Systemic lupus erythematosus,0.008931007615308448,True,Systemic lupus erythematosus,132,705,25,8484,0.03546099290780142,0.1893939393939394,query_1,['KEGG:00000']
GO:BP,GO:0043436,oxoacid metabolic process,0.009023759918312231,True,"""The chemical reactions and pathways involving any oxoacid; an oxoacid is a compound which contains oxygen, at least one other element, and at least one hydrogen bound to oxygen, and which produces a conjugate base by loss of positive hydrogen ion(s) (hydrons)."" [Wikipedia:Oxyacid]",909,1488,101,21026,0.0678763440860215,0.1111111111111111,query_1,['GO:0006082']
TF,TF:M08525,Factor: E2F-1:HES-7; motif: GGCRCGTGSYNNWNGGCGCSM,0.009424943291918475,True,Factor: E2F-1:HES-7; motif: GGCRCGTGSYNNWNGGCGCSM,17527,1713,1553,20092,0.9065966141272621,0.08860615051064073,query_1,['TF:M00000']
MIRNA,MIRNA:hsa-mir-3202,hsa-mir-3202,0.00981957444343747,True,hsa-mir-3202,1842,1465,214,16638,0.14607508532423208,0.11617806731813246,query_1,['MIRNA:000000']
KEGG,KEGG:04973,Carbohydrate digestion and absorption,0.009851289724985748,True,Carbohydrate digestion and absorption,47,705,13,8484,0.018439716312056736,0.2765957446808511,query_1,['KEGG:00000']
GO:BP,GO:0065009,regulation of molecular function,0.010585826415033348,True,"""Any process that modulates the frequency, rate or extent of a molecular function, an elemental biological activity occurring at the molecular level, such as catalysis or binding."" [GOC:isa_complete]",1496,1488,151,21026,0.10147849462365591,0.10093582887700535,query_1,['GO:0065007']
GO:CC,GO:0120025,plasma membrane bounded cell projection,0.011152969436078299,True,"""A prolongation or process extending from a cell and that is bounded by plasma membrane, e.g. a cilium, lamellipodium, or axon."" [GOC:krc]",2323,1587,216,22149,0.13610586011342155,0.09298321136461472,query_1,['GO:0042995']
MIRNA,MIRNA:hsa-mir-3124-3p,hsa-mir-3124-3p,0.011404726280353477,True,hsa-mir-3124-3p,1517,1465,181,16638,0.12354948805460751,0.11931443638760712,query_1,['MIRNA:000000']
GO:BP,GO:0048583,regulation of response to stimulus,0.012115747765086523,True,"""Any process that modulates the frequency, rate or extent of a response to a stimulus. Response to stimulus is a change in state or activity of a cell or an organism (in terms of movement, secretion, enzyme production, gene expression, etc.) as a result of a stimulus."" [GOC:jid]",3993,1488,349,21026,0.23454301075268819,0.08740295517155021,query_1,"['GO:0050789', 'GO:0050896']"
HPA,HPA:0420051,Salivary gland; glandular cells[≥Low],0.012119154005180651,True,Salivary gland; glandular cells[≥Low],6888,1001,685,10995,0.6843156843156843,0.09944831591173055,query_1,['HPA:0420000']
HPA,HPA:0420000,Salivary gland,0.012119154005180651,True,Salivary gland,6888,1001,685,10995,0.6843156843156843,0.09944831591173055,query_1,['HPA:0000000']
HPA,HPA:0130051,Colon; glandular cells[≥Low],0.013371936320390345,True,Colon; glandular cells[≥Low],6983,1001,693,10995,0.6923076923076923,0.09924101389087785,query_1,['HPA:0130000']
GO:MF,GO:0043167,ion binding,0.013661832769167074,True,"""Binding to an ion, a charged atoms or groups of atoms."" [GOC:jl]",6377,1571,568,20246,0.36155315085932527,0.0890700956562647,query_1,['GO:0036094']
MIRNA,MIRNA:hsa-mir-1248,hsa-mir-1248,0.015449300400025952,True,hsa-mir-1248,1143,1465,142,16638,0.09692832764505119,0.1242344706911636,query_1,['MIRNA:000000']
GO:MF,GO:0048306,calcium-dependent protein binding,0.01547094180311512,True,"""Binding to a protein or protein complex in the presence of calcium."" [GOC:jid, PMID:10485905]",79,1571,18,20246,0.011457670273711012,0.22784810126582278,query_1,['GO:0005515']
WP,WP:WP4905,1q21 1 copy number variation syndrome,0.015554557309133833,True,1q21 1 copy number variation syndrome,27,783,10,8752,0.01277139208173691,0.37037037037037035,query_1,['WP:000000']
GO:BP,GO:0019752,carboxylic acid metabolic process,0.015974985820602566,True,"""The chemical reactions and pathways involving carboxylic acids, any organic acid containing one or more carboxyl (COOH) groups or anions (COO-)."" [ISBN:0198506732]",887,1488,98,21026,0.06586021505376344,0.1104847801578354,query_1,['GO:0043436']
GO:BP,GO:0009891,positive regulation of biosynthetic process,0.017240044688177948,True,"""Any process that activates or increases the frequency, rate or extent of the chemical reactions and pathways resulting in the formation of substances."" [GOC:go_curators]",2696,1488,247,21026,0.16599462365591397,0.09161721068249258,query_1,"['GO:0009058', 'GO:0009889', 'GO:0009893']"
GO:BP,GO:0051128,regulation of cellular component organization,0.017966871404416405,True,"""Any process that modulates the frequency, rate or extent of a process involved in the formation, arrangement of constituent parts, or disassembly of cell structures, including the plasma membrane and any external encapsulating structures such as the cell wall and cell envelope."" [GOC:ai]",2433,1488,226,21026,0.15188172043010753,0.09288943690916564,query_1,"['GO:0016043', 'GO:0050794']"
GO:CC,GO:0070013,intracellular organelle lumen,0.018107454931638265,True,"""An organelle lumen that is part of an intracellular organelle."" [GOC:mah]",6695,1587,550,22149,0.3465658475110271,0.08215085884988797,query_1,"['GO:0043229', 'GO:0043233']"
GO:CC,GO:0031974,membrane-enclosed lumen,0.018107454931638265,True,"""The enclosed volume within a sealed membrane or between two sealed membranes. Encompasses the volume enclosed by the membranes of a particular organelle, e.g. endoplasmic reticulum lumen, or the space between the two lipid bilayers of a double membrane surrounding an organelle, e.g. nuclear envelope lumen."" [GOC:add, GOC:mah]",6695,1587,550,22149,0.3465658475110271,0.08215085884988797,query_1,['GO:0110165']
GO:CC,GO:0043233,organelle lumen,0.018107454931638265,True,"""The internal volume enclosed by the membranes of a particular organelle; includes the volume enclosed by a single organelle membrane, e.g. endoplasmic reticulum lumen, or the volume enclosed by the innermost of the two lipid bilayers of an organelle envelope, e.g. nuclear lumen."" [GOC:jl, GOC:mah]",6695,1587,550,22149,0.3465658475110271,0.08215085884988797,query_1,"['GO:0031974', 'GO:0043226']"
HPA,HPA:0320102,Nasopharynx; respiratory epithelial cells[≥Medium],0.018907110977818643,True,Nasopharynx; respiratory epithelial cells[≥Medium],4740,1001,490,10995,0.48951048951048953,0.10337552742616034,query_1,['HPA:0320101']
WP,WP:WP5362,TAR syndrome,0.018907782583465933,True,TAR syndrome,62,783,16,8752,0.020434227330779056,0.25806451612903225,query_1,['WP:000000']
MIRNA,MIRNA:hsa-mir-337-3p,hsa-mir-337-3p,0.019164083642619394,True,hsa-mir-337-3p,731,1465,98,16638,0.06689419795221843,0.13406292749658003,query_1,['MIRNA:000000']
MIRNA,MIRNA:hsa-mir-3148,hsa-mir-3148,0.02029511464881055,True,hsa-mir-3148,2208,1465,248,16638,0.16928327645051194,0.11231884057971014,query_1,['MIRNA:000000']
GO:BP,GO:0044597,daunorubicin metabolic process,0.020650363483751058,True,"""The chemical reactions and pathways involving daunorubicin, a chemotherapeutic of the anthracycline family that is given as a treatment for some types of cancer."" [PMID:20837989]",9,1488,6,21026,0.004032258064516129,0.6666666666666666,query_1,"['GO:0030638', 'GO:0030647', 'GO:0042180']"
GO:MF,GO:1901265,nucleoside phosphate binding,0.021713153710518393,True,"""Binding to nucleoside phosphate."" [GOC:TermGenie]",2424,1571,239,20246,0.15213239974538512,0.0985973597359736,query_1,['GO:0005488']
GO:BP,GO:0044283,small molecule biosynthetic process,0.021811853115885495,True,"""The chemical reactions and pathways resulting in the formation of small molecules, any low molecular weight, monomeric, non-encoded molecule."" [GOC:curators, GOC:pde, GOC:vw]",593,1488,71,21026,0.04771505376344086,0.11973018549747048,query_1,"['GO:0009058', 'GO:0044281']"
TF,TF:M09984,Factor: MAZ; motif: GGGGGAGGGGGNGRGRRRGNRG,0.02222271098663235,True,Factor: MAZ; motif: GGGGGAGGGGGNGRGRRRGNRG,9861,1713,928,20092,0.5417396380618797,0.09410810262650847,query_1,['TF:M00000']
HPA,HPA:0380511,Placenta; decidual cells[≥Low],0.02258050013651748,True,Placenta; decidual cells[≥Low],4834,1001,498,10995,0.4975024975024975,0.10302027306578403,query_1,['HPA:0380000']
GO:BP,GO:0010557,positive regulation of macromolecule biosynthetic process,0.02305836575084976,True,"""Any process that increases the rate, frequency or extent of the chemical reactions and pathways resulting in the formation of a macromolecule, any molecule of high relative molecular mass, the structure of which essentially comprises the multiple repetition of units derived, actually or conceptually, from molecules of low relative molecular mass."" [GOC:dph, GOC:tb]",2593,1488,238,21026,0.15994623655913978,0.09178557655225607,query_1,"['GO:0009059', 'GO:0009891', 'GO:0010556', 'GO:0010604']"
KEGG,KEGG:01100,Metabolic pathways,0.023359066200996585,True,Metabolic pathways,1537,705,164,8484,0.2326241134751773,0.10670136629798309,query_1,['KEGG:00000']
GO:CC,GO:0031090,organelle membrane,0.023603234761925055,True,"""A membrane that is one of the two lipid bilayers of an organelle envelope or the outermost membrane of single membrane bound organelle."" [GOC:dos, GOC:mah]",3842,1587,333,22149,0.20982986767485823,0.08667360749609579,query_1,"['GO:0016020', 'GO:0043227']"
GO:CC,GO:0005739,mitochondrion,0.02392387403729237,True,"""A semiautonomous, self replicating organelle that occurs in varying numbers, shapes, and sizes in the cytoplasm of virtually all eukaryotic cells. It is notably the site of tissue respiration."" [GOC:giardia, ISBN:0198506732]",1844,1587,175,22149,0.11027095148078135,0.09490238611713665,query_1,"['GO:0005737', 'GO:0043231']"
GO:BP,GO:0006996,organelle organization,0.02439157383415929,True,"""A process that is carried out at the cellular level which results in the assembly, arrangement of constituent parts, or disassembly of an organelle within a cell. An organelle is an organized structure of distinctive morphology and function. Includes the nucleus, mitochondria, plastids, vacuoles, vesicles, ribosomes and the cytoskeleton. Excludes the plasma membrane."" [GOC:mah]",3594,1488,316,21026,0.21236559139784947,0.0879243183082916,query_1,['GO:0016043']
HPA,HPA:0060000,Bronchus,0.025565478627296176,True,Bronchus,7421,1001,729,10995,0.7282717282717283,0.09823473925346989,query_1,['HPA:0000000']
HP,HP:0001107,Ocular albinism,0.02557733514433606,True,An abnormal reduction in the amount of pigmentation (reduced or absent) of the iris and retina.,29,433,11,5080,0.025404157043879907,0.3793103448275862,query_1,"['HP:0001098', 'HP:0007730']"
GO:BP,GO:0080090,regulation of primary metabolic process,0.025891328653837063,True,"""Any process that modulates the frequency, rate or extent of the chemical reactions and pathways within a cell or an organism involving those compounds formed as a part of the normal anabolic and catabolic processes. These processes take place in most, if not all, cells of the organism."" [PMID:19211694]",5390,1488,452,21026,0.30376344086021506,0.08385899814471243,query_1,"['GO:0019222', 'GO:0044238']"
GO:BP,GO:0090407,organophosphate biosynthetic process,0.02772068298453548,True,"""The chemical reactions and pathways resulting in the biosynthesis of deoxyribose phosphate, the phosphorylated sugar 2-deoxy-erythro-pentose."" [GOC:chem_mtg]",619,1488,73,21026,0.049059139784946235,0.11793214862681745,query_1,"['GO:0009058', 'GO:0019637']"
TF,TF:M01175,Factor: CKROX; motif: SCCCTCCCC,0.02962773588634529,True,Factor: CKROX; motif: SCCCTCCCC,7520,1713,725,20092,0.4232340922358436,0.09640957446808511,query_1,['TF:M00000']
GO:BP,GO:2000026,regulation of multicellular organismal development,0.031200592140035097,True,"""Any process that modulates the frequency, rate or extent of multicellular organismal development."" [GOC:obol]",1418,1488,142,21026,0.09543010752688172,0.1001410437235543,query_1,"['GO:0007275', 'GO:0050793', 'GO:0051239']"
HPA,HPA:0380512,Placenta; decidual cells[≥Medium],0.0319073972610272,True,Placenta; decidual cells[≥Medium],3582,1001,380,10995,0.37962037962037964,0.10608598548297041,query_1,['HPA:0380511']
GO:CC,GO:0098588,bounding membrane of organelle,0.03231331743088266,True,"""The lipid bilayer that forms the outer-most layer of an organelle."" [GOC:dos]",2251,1587,207,22149,0.13043478260869565,0.09195912927587739,query_1,['GO:0031090']
MIRNA,MIRNA:hsa-mir-3714,hsa-mir-3714,0.035015116007671314,True,hsa-mir-3714,1787,1465,205,16638,0.13993174061433447,0.11471740346950196,query_1,['MIRNA:000000']
GO:BP,GO:0035556,intracellular signal transduction,0.03507664238071213,True,"""The process in which a signal is passed on to downstream components within the cell, which become activated themselves to further propagate the signal and finally trigger a change in the function or state of the cell."" [GOC:bf, GOC:jl, GOC:signaling, ISBN:3527303782]",2965,1488,266,21026,0.17876344086021506,0.08971332209106239,query_1,['GO:0007165']
GO:BP,GO:0006631,fatty acid metabolic process,0.03741905887181055,True,"""The chemical reactions and pathways involving fatty acids, aliphatic monocarboxylic acids liberated from naturally occurring fats and oils by hydrolysis."" [ISBN:0198547684]",400,1488,52,21026,0.03494623655913978,0.13,query_1,"['GO:0006629', 'GO:0032787']"
TF,TF:M08441,Factor: AP-2gamma:Elk-1; motif: NGCCKNRGGSGRCGGAAGTG,0.04035656935905163,True,Factor: AP-2gamma:Elk-1; motif: NGCCKNRGGSGRCGGAAGTG,16755,1713,1490,20092,0.8698190309398716,0.0889286780065652,query_1,['TF:M00000']
GO:MF,GO:0036094,small molecule binding,0.04353497606735285,True,"""Binding to a small molecule, any low molecular weight, monomeric, non-encoded molecule."" [GOC:curators, GOC:pde, GOC:pm]",6577,1571,579,20246,0.36855506047103753,0.08803405808119204,query_1,['GO:0005488']
MIRNA,MIRNA:hsa-mir-520e,hsa-mir-520e,0.045340155704544687,True,hsa-mir-520e,1835,1465,209,16638,0.14266211604095563,0.11389645776566758,query_1,['MIRNA:000000']
MIRNA,MIRNA:hsa-mir-6833-5p,hsa-mir-6833-5p,0.04596407879696329,True,hsa-mir-6833-5p,85,1465,20,16638,0.013651877133105802,0.23529411764705882,query_1,['MIRNA:000000']
MIRNA,MIRNA:hsa-mir-520b,hsa-mir-520b,0.04689818497600421,True,hsa-mir-520b,1836,1465,209,16638,0.14266211604095563,0.11383442265795207,query_1,['MIRNA:000000']
TF,TF:M00806,Factor: NF-1; motif: NTGGNNNNNNGCCAANN,0.0476692869565374,True,Factor: NF-1; motif: NTGGNNNNNNGCCAANN,4357,1713,442,20092,0.2580268534734384,0.10144594904750975,query_1,['TF:M00000']
MIRNA,MIRNA:hsa-mir-20a-5p,hsa-mir-20a-5p,0.04837823417448971,True,hsa-mir-20a-5p,1014,1465,126,16638,0.08600682593856655,0.1242603550295858,query_1,['MIRNA:000000']
GO:BP,GO:0030638,polyketide metabolic process,0.04851834622614989,True,"""The chemical reactions and pathways involving polyketides, any of a diverse group of natural products synthesized via linear poly-beta-ketones, which are themselves formed by repetitive head-to-tail addition of acetyl (or substituted acetyl) units indirectly derived from acetate (or a substituted acetate) by a mechanism similar to that for fatty acid biosynthesis but without the intermediate reductive steps."" [GOC:mah, ISBN:0198506732]",10,1488,6,21026,0.004032258064516129,0.6,query_1,['GO:0019748']
GO:BP,GO:0044598,doxorubicin metabolic process,0.04851834622614989,True,"""The chemical reactions and pathways involving doxorubicin, an anthracycline antibiotic, used in cancer chemotherapy."" [PMID:10200167]",10,1488,6,21026,0.004032258064516129,0.6,query_1,"['GO:0016137', 'GO:0030638', 'GO:0034308', 'GO:0042180', 'GO:1902644']"
GO:BP,GO:0030647,aminoglycoside antibiotic metabolic process,0.04851834622614989,True,"""The chemical reactions and pathways involving an aminoglycoside antibiotic, any member of a group of broad spectrum antibiotics, of similar toxicity and pharmacology, that contain an aminodeoxysugar, an amino- or guanidino-substituted inositol ring, and one or more residues of other sugars. The group includes streptomycin, neomycin, framycetin, kanamycin, paromomycin, and gentamicin."" [GOC:mah, ISBN:0198506732]",10,1488,6,21026,0.004032258064516129,0.6,query_1,['GO:0016137']
GO:BP,GO:0050793,regulation of developmental process,0.04922391775402739,True,"""Any process that modulates the frequency, rate or extent of development, the biological process whose specific outcome is the progression of a multicellular organism over time from an initial condition (e.g. a zygote, or a young adult) to a later condition (e.g. a multicellular animal or an aged adult)."" [GOC:go_curators]",2457,1488,225,21026,0.15120967741935484,0.09157509157509157,query_1,"['GO:0032502', 'GO:0050789']"
